{"mean":{"confidence_interval":{"confidence_level":0.95,"lower_bound":-0.4528256401804406,"upper_bound":-0.391671707658885},"point_estimate":-0.42300763056163737,"standard_error":0.015624072297506921},"median":{"confidence_interval":{"confidence_level":0.95,"lower_bound":-0.4587332188815738,"upper_bound":-0.3727679965367233},"point_estimate":-0.4120198951699723,"standard_error":0.02314706314269069}}