{"mean":{"confidence_interval":{"confidence_level":0.95,"lower_bound":-0.7895102698632356,"upper_bound":-0.7553688362646841},"point_estimate":-0.7742081090191478,"standard_error":0.008706638640323014},"median":{"confidence_interval":{"confidence_level":0.95,"lower_bound":-0.8001817204597067,"upper_bound":-0.7543847447410968},"point_estimate":-0.7842526289035509,"standard_error":0.012247758302427324}}