{"mean":{"confidence_interval":{"confidence_level":0.95,"lower_bound":-0.4209330542284863,"upper_bound":-0.34215513125690084},"point_estimate":-0.38337053022926837,"standard_error":0.020150612971563366},"median":{"confidence_interval":{"confidence_level":0.95,"lower_bound":-0.4372751622296249,"upper_bound":-0.3131393707113357},"point_estimate":-0.35977608974035813,"standard_error":0.033461576959950744}}