{"mean":{"confidence_interval":{"confidence_level":0.95,"lower_bound":-0.2780802951824247,"upper_bound":0.02477181152865726},"point_estimate":-0.14405813369568432,"standard_error":0.0777150636834898},"median":{"confidence_interval":{"confidence_level":0.95,"lower_bound":-0.32239889542134326,"upper_bound":0.26934331698080727},"point_estimate":-0.04528579658196252,"standard_error":0.13547881057961425}}