{"mean":{"confidence_interval":{"confidence_level":0.95,"lower_bound":-0.6351060165577133,"upper_bound":-0.5635465100979724},"point_estimate":-0.6034052676262764,"standard_error":0.01834503680187096},"median":{"confidence_interval":{"confidence_level":0.95,"lower_bound":-0.6449520906403217,"upper_bound":-0.5477707662554374},"point_estimate":-0.624202381295069,"standard_error":0.02218649989205396}}