{"mean":{"confidence_interval":{"confidence_level":0.95,"lower_bound":-0.3499776469108681,"upper_bound":-0.27164811468154587},"point_estimate":-0.3138141350870951,"standard_error":0.020001098540786497},"median":{"confidence_interval":{"confidence_level":0.95,"lower_bound":-0.3729595315267752,"upper_bound":-0.25663953089565594},"point_estimate":-0.3358002322746093,"standard_error":0.031001640228495046}}