{"mean":{"confidence_interval":{"confidence_level":0.95,"lower_bound":705339.875,"upper_bound":784785.125},"point_estimate":743270.0,"standard_error":20340.40464879802},"median":{"confidence_interval":{"confidence_level":0.95,"lower_bound":683150.0,"upper_bound":777650.0},"point_estimate":696800.0,"standard_error":24985.916938931594},"median_abs_dev":{"confidence_interval":{"confidence_level":0.95,"lower_bound":19866.83964729309,"upper_bound":136547.45757579803},"point_estimate":48481.019139289856,"standard_error":29510.35580820858},"slope":null,"std_dev":{"confidence_interval":{"confidence_level":0.95,"lower_bound":61810.29117174925,"upper_bound":110006.36213549078},"point_estimate":93236.76765152931,"standard_error":12298.642715971446}}