{"mean":{"confidence_interval":{"confidence_level":0.95,"lower_bound":123228076.0,"upper_bound":124964931.1875},"point_estimate":124057995.0,"standard_error":445047.0631541273},"median":{"confidence_interval":{"confidence_level":0.95,"lower_bound":122831300.0,"upper_bound":124493725.0},"point_estimate":123501225.0,"standard_error":452231.13635805855},"median_abs_dev":{"confidence_interval":{"confidence_level":0.95,"lower_bound":619726.7889976501,"upper_bound":3007231.6566109657},"point_estimate":1425519.8746919632,"standard_error":618422.4744433445},"slope":null,"std_dev":{"confidence_interval":{"confidence_level":0.95,"lower_bound":1315463.288784228,"upper_bound":2484407.0196310943},"point_estimate":2046357.5063165026,"standard_error":298126.86641636054}}