{"mean":{"confidence_interval":{"confidence_level":0.95,"lower_bound":-0.4120117852819376,"upper_bound":-0.31524728769147603},"point_estimate":-0.3647156987276158,"standard_error":0.024834792885991976},"median":{"confidence_interval":{"confidence_level":0.95,"lower_bound":-0.4200519339534232,"upper_bound":-0.3034607790599879},"point_estimate":-0.3561308497851682,"standard_error":0.023872744396218545}}