{"mean":{"confidence_interval":{"confidence_level":0.95,"lower_bound":-0.40633577530829074,"upper_bound":0.02120950549395385},"point_estimate":-0.2321534393643454,"standard_error":0.1096122764168955},"median":{"confidence_interval":{"confidence_level":0.95,"lower_bound":-0.4653852411166298,"upper_bound":0.20718880886311442},"point_estimate":-0.06713403727424849,"standard_error":0.2047185546561091}}