{"mean":{"confidence_interval":{"confidence_level":0.95,"lower_bound":-0.52399647924875,"upper_bound":-0.46098939719373905},"point_estimate":-0.49338382357882393,"standard_error":0.016103732420267063},"median":{"confidence_interval":{"confidence_level":0.95,"lower_bound":-0.5372542792349373,"upper_bound":-0.430218299934502},"point_estimate":-0.49779172763349244,"standard_error":0.027413077054491718}}