{"mean":{"confidence_interval":{"confidence_level":0.95,"lower_bound":-0.8673527730522301,"upper_bound":-0.8406462382392939},"point_estimate":-0.8544707826261217,"standard_error":0.0068430582734555915},"median":{"confidence_interval":{"confidence_level":0.95,"lower_bound":-0.8678974432262575,"upper_bound":-0.8352754439643306},"point_estimate":-0.8506100513248357,"standard_error":0.010387301639384103}}