{"mean":{"confidence_interval":{"confidence_level":0.95,"lower_bound":457734002.5,"upper_bound":495673793.25},"point_estimate":477935360.0,"standard_error":9711720.752272828},"median":{"confidence_interval":{"confidence_level":0.95,"lower_bound":454413250.0,"upper_bound":505284900.0},"point_estimate":482997700.0,"standard_error":12069087.984220346},"median_abs_dev":{"confidence_interval":{"confidence_level":0.95,"lower_bound":6377626.176774502,"upper_bound":53416965.1016593},"point_estimate":30765357.923805714,"standard_error":12363071.233364832},"slope":null,"std_dev":{"confidence_interval":{"confidence_level":0.95,"lower_bound":14544572.668939335,"upper_bound":41016712.92101543},"point_estimate":32325980.972593,"standard_error":6813555.566528978}}