{"mean":{"confidence_interval":{"confidence_level":0.95,"lower_bound":-0.45529449012697276,"upper_bound":-0.38863124693871687},"point_estimate":-0.42297224635614283,"standard_error":0.017087166220108935},"median":{"confidence_interval":{"confidence_level":0.95,"lower_bound":-0.42682530492157333,"upper_bound":-0.3440201067723996},"point_estimate":-0.39804249647690015,"standard_error":0.024283433656479492}}