{"mean":{"confidence_interval":{"confidence_level":0.95,"lower_bound":-0.887005268576275,"upper_bound":-0.8692692768145656},"point_estimate":-0.8784824077589724,"standard_error":0.004531447118336656},"median":{"confidence_interval":{"confidence_level":0.95,"lower_bound":-0.8888611032348432,"upper_bound":-0.8695280980352134},"point_estimate":-0.877151272740896,"standard_error":0.005581438680334317}}