{"mean":{"confidence_interval":{"confidence_level":0.95,"lower_bound":0.027007923407195895,"upper_bound":0.027713853773653215},"point_estimate":0.027325905263116117,"standard_error":0.00018174870549739024},"median":{"confidence_interval":{"confidence_level":0.95,"lower_bound":0.026891378653400147,"upper_bound":0.027588273222084094},"point_estimate":0.027233977917747558,"standard_error":0.00016347990705339275},"median_abs_dev":{"confidence_interval":{"confidence_level":0.95,"lower_bound":0.000049499751297780886,"upper_bound":0.0008628653859898261},"point_estimate":0.0005166079345937858,"standard_error":0.00020654169013871918},"slope":{"confidence_interval":{"confidence_level":0.95,"lower_bound":0.027183569810400075,"upper_bound":0.027627639760109346},"point_estimate":0.027406905947597687,"standard_error":0.00011239543536087177},"std_dev":{"confidence_interval":{"confidence_level":0.95,"lower_bound":0.0002478066456147118,"upper_bound":0.0008554557093694175},"point_estimate":0.0006075938058504667,"standard_error":0.00017779816580927468}}