{"mean":{"confidence_interval":{"confidence_level":0.95,"lower_bound":-0.3382481451168698,"upper_bound":0.14502195290793063},"point_estimate":-0.14890007661157934,"standard_error":0.12399574244111833},"median":{"confidence_interval":{"confidence_level":0.95,"lower_bound":-0.3895734227559854,"upper_bound":0.3704261490406069},"point_estimate":0.0408740867504771,"standard_error":0.24438588525637506}}