{"mean":{"confidence_interval":{"confidence_level":0.95,"lower_bound":215244540.0,"upper_bound":239097656.08333337},"point_estimate":227104156.66666666,"standard_error":6092598.157128876},"median":{"confidence_interval":{"confidence_level":0.95,"lower_bound":207877733.33333334,"upper_bound":246750116.66666666},"point_estimate":226207966.6666667,"standard_error":9803174.892664297},"median_abs_dev":{"confidence_interval":{"confidence_level":0.95,"lower_bound":4167736.786007881,"upper_bound":35400212.5415206},"point_estimate":22745974.666178226,"standard_error":7373816.237898578},"slope":null,"std_dev":{"confidence_interval":{"confidence_level":0.95,"lower_bound":12580865.155069768,"upper_bound":24338589.00592253},"point_estimate":20305370.49217415,"standard_error":2996770.182740147}}