{"mean":{"confidence_interval":{"confidence_level":0.95,"lower_bound":-0.45549795800771914,"upper_bound":-0.3731636828549117},"point_estimate":-0.41526945280175653,"standard_error":0.02099294197769139},"median":{"confidence_interval":{"confidence_level":0.95,"lower_bound":-0.4760427925870502,"upper_bound":-0.36184691730898233},"point_estimate":-0.4094912366874176,"standard_error":0.026453418966121238}}