{"mean":{"confidence_interval":{"confidence_level":0.95,"lower_bound":687300.0,"upper_bound":761345.7499999998},"point_estimate":724405.0,"standard_error":18903.969270681486},"median":{"confidence_interval":{"confidence_level":0.95,"lower_bound":634175.0,"upper_bound":762875.0},"point_estimate":745775.0,"standard_error":32616.841824260016},"median_abs_dev":{"confidence_interval":{"confidence_level":0.95,"lower_bound":22461.38960123062,"upper_bound":168126.83701515198},"point_estimate":117458.9829146862,"standard_error":42294.59133050554},"slope":null,"std_dev":{"confidence_interval":{"confidence_level":0.95,"lower_bound":65249.347821145304,"upper_bound":100947.21422319945},"point_estimate":86692.9167567309,"standard_error":9147.019468448616}}