{"mean":{"confidence_interval":{"confidence_level":0.95,"lower_bound":-0.509227836791136,"upper_bound":-0.37546004870049676},"point_estimate":-0.448355682104303,"standard_error":0.034208168912520494},"median":{"confidence_interval":{"confidence_level":0.95,"lower_bound":-0.5416759097197436,"upper_bound":-0.33370971975766384},"point_estimate":-0.4127037918107661,"standard_error":0.05252590993496751}}