{"mean":{"confidence_interval":{"confidence_level":0.95,"lower_bound":-0.3081386252155935,"upper_bound":-0.1723946577254315},"point_estimate":-0.24437695758330835,"standard_error":0.034841919774967395},"median":{"confidence_interval":{"confidence_level":0.95,"lower_bound":-0.32131743867130924,"upper_bound":-0.127911803621928},"point_estimate":-0.21505939290324183,"standard_error":0.053769026617369174}}