{"mean":{"confidence_interval":{"confidence_level":0.95,"lower_bound":-0.6975421570628351,"upper_bound":-0.6533837212246463},"point_estimate":-0.6758649264571294,"standard_error":0.011268404591368152},"median":{"confidence_interval":{"confidence_level":0.95,"lower_bound":-0.708582377241842,"upper_bound":-0.641324737637053},"point_estimate":-0.6734531500568273,"standard_error":0.01723286525208925}}