{"mean":{"confidence_interval":{"confidence_level":0.95,"lower_bound":-0.4824747282371901,"upper_bound":-0.3981328080205147},"point_estimate":-0.44130165783065656,"standard_error":0.02163851973412325},"median":{"confidence_interval":{"confidence_level":0.95,"lower_bound":-0.4833761737529344,"upper_bound":-0.3848039835073158},"point_estimate":-0.43281829168843067,"standard_error":0.026885828473821684}}