{"mean":{"confidence_interval":{"confidence_level":0.95,"lower_bound":-0.27591437345213504,"upper_bound":-0.12232690864203768},"point_estimate":-0.2030159713042443,"standard_error":0.039354101026344214},"median":{"confidence_interval":{"confidence_level":0.95,"lower_bound":-0.2889920634417602,"upper_bound":-0.07516753334575221},"point_estimate":-0.19282526754281415,"standard_error":0.054599590308513815}}