{"mean":{"confidence_interval":{"confidence_level":0.95,"lower_bound":-0.2828254429067206,"upper_bound":0.027718177522358126},"point_estimate":-0.14381159178219471,"standard_error":0.07948355840118593},"median":{"confidence_interval":{"confidence_level":0.95,"lower_bound":-0.3057645358975637,"upper_bound":0.19465440660796385},"point_estimate":-0.007195269644510893,"standard_error":0.12105052617881466}}