{"mean":{"confidence_interval":{"confidence_level":0.95,"lower_bound":180323920.5833333,"upper_bound":203387139.41666666},"point_estimate":189376320.0,"standard_error":6332593.926746837},"median":{"confidence_interval":{"confidence_level":0.95,"lower_bound":178778566.66666666,"upper_bound":190913616.66666666},"point_estimate":182309900.0,"standard_error":3068232.036937833},"median_abs_dev":{"confidence_interval":{"confidence_level":0.95,"lower_bound":925488.3235693126,"upper_bound":14604820.53071259},"point_estimate":6361960.037052646,"standard_error":3744374.9229643084},"slope":null,"std_dev":{"confidence_interval":{"confidence_level":0.95,"lower_bound":3051609.9752506707,"upper_bound":31818329.538651206},"point_estimate":21014347.001672838,"standard_error":9294255.87472816}}