{"mean":{"confidence_interval":{"confidence_level":0.95,"lower_bound":-0.8338433916786745,"upper_bound":-0.7934060482204752},"point_estimate":-0.8155098907537093,"standard_error":0.010374288371590424},"median":{"confidence_interval":{"confidence_level":0.95,"lower_bound":-0.8432760178427081,"upper_bound":-0.7960160440605488},"point_estimate":-0.8306296837789424,"standard_error":0.012603489992595238}}