{"mean":{"confidence_interval":{"confidence_level":0.95,"lower_bound":-0.2301206223029361,"upper_bound":0.003806567092249565},"point_estimate":-0.12196491214225891,"standard_error":0.06022074926830829},"median":{"confidence_interval":{"confidence_level":0.95,"lower_bound":-0.32740224647664506,"upper_bound":0.0677556097987766},"point_estimate":-0.10566407082361429,"standard_error":0.10984776418675267}}