{"mean":{"confidence_interval":{"confidence_level":0.95,"lower_bound":-0.466651223025034,"upper_bound":-0.39931119749183297},"point_estimate":-0.43643425613976683,"standard_error":0.017292756244642184},"median":{"confidence_interval":{"confidence_level":0.95,"lower_bound":-0.4825203950047231,"upper_bound":-0.39127740976199143},"point_estimate":-0.4528950256699298,"standard_error":0.021598428351715607}}