{"mean":{"confidence_interval":{"confidence_level":0.95,"lower_bound":738703.3333333333,"upper_bound":814940.0},"point_estimate":777650.0,"standard_error":19547.5946299936},"median":{"confidence_interval":{"confidence_level":0.95,"lower_bound":730750.0,"upper_bound":819033.3333333333},"point_estimate":790700.0,"standard_error":28559.021499295053},"median_abs_dev":{"confidence_interval":{"confidence_level":0.95,"lower_bound":5040.839910507202,"upper_bound":108575.73807239538},"point_estimate":53793.66904497144,"standard_error":28335.824899591196},"slope":null,"std_dev":{"confidence_interval":{"confidence_level":0.95,"lower_bound":35366.25980904653,"upper_bound":83517.10401444702},"point_estimate":64993.86153350976,"standard_error":12424.290469285768}}