{"mean":{"confidence_interval":{"confidence_level":0.95,"lower_bound":-0.740130179258007,"upper_bound":-0.6955883091956161},"point_estimate":-0.7209309398965694,"standard_error":0.011364587675239157},"median":{"confidence_interval":{"confidence_level":0.95,"lower_bound":-0.7472814031917293,"upper_bound":-0.7118271191214982},"point_estimate":-0.7331770925873509,"standard_error":0.008359815941562498}}