{"mean":{"confidence_interval":{"confidence_level":0.95,"lower_bound":423063736.0,"upper_bound":438119202.5},"point_estimate":429218920.0,"standard_error":3993774.0075619034},"median":{"confidence_interval":{"confidence_level":0.95,"lower_bound":421536650.0,"upper_bound":431730850.0},"point_estimate":425128600.0,"standard_error":2730365.5174301006},"median_abs_dev":{"confidence_interval":{"confidence_level":0.95,"lower_bound":673545.1680421829,"upper_bound":12364809.650480747},"point_estimate":6516471.664309502,"standard_error":2928020.0101531465},"slope":null,"std_dev":{"confidence_interval":{"confidence_level":0.95,"lower_bound":3374144.202298602,"upper_bound":19739066.83554778},"point_estimate":13228210.026118845,"standard_error":5185717.675877866}}