{"mean":{"confidence_interval":{"confidence_level":0.95,"lower_bound":-0.8642583878526982,"upper_bound":-0.8334972667810454},"point_estimate":-0.8495632294318045,"standard_error":0.007894189397351975},"median":{"confidence_interval":{"confidence_level":0.95,"lower_bound":-0.8664494885317898,"upper_bound":-0.8277599233672288},"point_estimate":-0.8376786464176618,"standard_error":0.011248479862134743}}