{"mean":{"confidence_interval":{"confidence_level":0.95,"lower_bound":124221797.0,"upper_bound":128099052.625},"point_estimate":126059772.5,"standard_error":989176.1635913162},"median":{"confidence_interval":{"confidence_level":0.95,"lower_bound":122903450.0,"upper_bound":127405625.0},"point_estimate":125630725.0,"standard_error":1264844.0025249878},"median_abs_dev":{"confidence_interval":{"confidence_level":0.95,"lower_bound":1902731.741219759,"upper_bound":6566954.193413258},"point_estimate":4297241.893708706,"standard_error":1242390.409627102},"slope":null,"std_dev":{"confidence_interval":{"confidence_level":0.95,"lower_bound":2858102.2934038653,"upper_bound":5921088.187563005},"point_estimate":4525820.687934457,"standard_error":811955.4481545483}}