{"mean":{"confidence_interval":{"confidence_level":0.95,"lower_bound":244590093.875,"upper_bound":263274820.375},"point_estimate":253972350.0,"standard_error":4757492.078358416},"median":{"confidence_interval":{"confidence_level":0.95,"lower_bound":241723250.0,"upper_bound":267224525.0},"point_estimate":251308175.0,"standard_error":6396142.644163277},"median_abs_dev":{"confidence_interval":{"confidence_level":0.95,"lower_bound":321946.5842843056,"upper_bound":28026143.277436495},"point_estimate":18108624.338507652,"standard_error":7029542.895169036},"slope":null,"std_dev":{"confidence_interval":{"confidence_level":0.95,"lower_bound":9304101.415548176,"upper_bound":19568705.56652429},"point_estimate":15913919.96099641,"standard_error":2616721.205479495}}